number,locus,sequence,location,feature,product,gene,nucleotide,translation,note,start,end,Length
1,LOCUS_010,sequence1,2640..2798,CDS,hypothetical protein,,ATGCATATCCATAATATTAATGTAAAACAGCACAAAATTCATTTCAAACAAGATCATTTGATTAAAGATATCATCATAATCAATAATCACATAAAAAATAATGTACAAGAATTAGAGTTGCAACATGGAAATAAAAACCATAAATTAATAGATAAATGA,MHIHNINVKQHKIHFKQDHLIKDIIIINNHIKNNVQELELQHGNKNHKLIDK,,2640,2798,158
2,LOCUS_020,sequence1,2817..3299,CDS,hypothetical protein,,TTGATTGTCATTTTAATTAAAATATTAATAAATGTTCAACATAATATTGTGCAAATGAACCATATTCATAAACATGGATTTTTAAATAATAATATTATTGTAATGATTATTAACATCATAATAATACAACAAATATTTCAGATTGTGGTACAAAATGTCATATTGTTGTTCAACATGTTTCATTTAAATTATCATTATGGAGAACAAAATGTTCATCAAAACCAATTTAATAAATGGCAATTTATAAATTTTAAAAATGGTATATTTTATATAATGCAGATTCACATTAAAATAAATATCATAATACATATGATAAATAAAGAAATTCAAAACATACATGTTGTTGTCCATCAATTTTTCATACATTTTCATTTATTTCATTTTCATCATCAAATTATTCATCATTATTATTTTATAGAAAATAAAAAGAAATTAGATCAGTTTCATGTCCAATTTATATTTTATAATCAAATACATTATTAA,MIVILIKILINVQHNIVQMNHIHKHGFLNNNIIVMIINIIIIQQIFQIVVQNVILLFNMFHLNYHYGEQNVHQNQFNKWQFINFKNGIFYIMQIHIKINIIIHMINKEIQNIHVVVHQFFIHFHLFHFHHQIIHHYYFIENKKKLDQFHVQFIFYNQIHY,,2817,3299,482
3,LOCUS_030,sequence1,complement(5187..5558),CDS,hypothetical protein,,ATGATAAATATAATGCATATAAATCTAATTGTTGTAATCTATCAATATGTAAATGTGATGAATGAAATTAAACTTGAATTGGTGATAATTAAAATCTTAAAATTTATTATTGTGAAACATTTGATTATTGAAAACAATAATTTAATAAAACATGCATTCTTGCATAATTATGATTTGAAACTAAATGTAAATGACCATATTCTAAATATAATTATTTTAAAACTAATGCTTGTTGAACAATTGATTATGAAACAATATTTCTTGTTTATTGTGGAACTTCATTTTTATGACAATGATAATAAAAAAAAACAATTTGTAACATTTGAACTTGATGTTATGCTAAATATGATTAATGATTTAATGTATGATTAA,MINIMHINLIVVIYQYVNVMNEIKLELVIIKILKFIIVKHLIIENNNLIKHAFLHNYDLKLNVNDHILNIIILKLMLVEQLIMKQYFLFIVELHFYDNDNKKKQFVTFELDVMLNMINDLMYD,,5558,5187,371
4,LOCUS_040,sequence1,6374..6493,CDS,hypothetical protein,,ATGGTTTTACATTTACAAGATGATGATGAAATGGTTCAAAATGGTCATAGATATAAAATGTTAACAGTTTTAGTTTCATTTGAAACACATTTTCAAATTGCAATTCATAAATTATATTAA,MVLHLQDDDEMVQNGHRYKMLTVLVSFETHFQIAIHKLY,,6374,6493,119
5,LOCUS_050,sequence1,8897..9202,CDS,hypothetical protein,,ATGATTACAGAATTATTTACAGTTAATAATCCAATTAGACCAACAATGATTGGTAAAACAATTATTTATATTTGTATTTTAATTTATTGTGTTGGTACAGAATCAGATAAAAATATTAAACCATTAAATATTGCATCAAATTCAGTTATTAGAAATAAAATTAAATCAACATTAATTTTAACATTAGATACATCATTTATTAAAATTAGATCATTTGAATTTATGCATAATAAAAAACCAACAATTGTTATTTCACCAACATTTACAAATGGTAAATTAGCAACAGTTGGTTTTATTTCAACATAA,MITELFTVNNPIRPTMIGKTIIYICILIYCVGTESDKNIKPLNIASNSVIRNKIKSTLILTLDTSFIKIRSFEFMHNKKPTIVISPTFTNGKLATVGFIST,,8897,9202,305
6,LOCUS_060,sequence1,complement(10176..10448),CDS,hypothetical protein,,ATGGATTTGTTAAAATTAATGGAAATTGTTGTTCTGGTAATGATAATAAATTATGATGTAAATAATATAAATCTGTTTGAACTTTTGATTGAATTTTTAAATTTTAATCTGCTTATTGTGATGCTAATTGAATTCTTTATTCTTATTTTTGAACTTATTTATATAAAACAACTGTTAATTGATATTATGGATATTGTAAAAATCTTTGAAAAATTTAATCATTTGATTATGGTAATTGTTTATATAAAATTAAATAAATTTATTATTATCTAA,MDLLKLMEIVVLVMIINYDVNNINLFELLIEFLNFNLLIVMLIEFFILIFELIYIKQLLIDIMDIVKIFEKFNHLIMVIVYIKLNKFIII,,10448,10176,272
7,LOCUS_070,sequence1,11325..11906,CDS,hypothetical protein,,GTGATTTATATTTTGTTATTTTTCAAACAAATTAAAATAATGATTTATAACATATTAATAGATTTACATGTAATGTTTGTAATTCACATAATGTTACATCATCAACATGTAGATATAGATTATTATTATCATAATGGATTAAATTATCATTTAGATCAACATCAATTTCAAAATCATAAAAAAATTAATAAGCATTTGATTAACATTCAACATTACATGAATCAGAATCAAAATAATTTAAATCACATTGGTCATCAATTGAACATGAAAGATCACAAAGAGAAAGAGAAAGATTTGATGGTGATAGACATTGTTATTGGTAATCATATTCAAATTATAAATGTACATGTCATTAATAATAAAAATGGAAATCAAGATTTAGATAAATTTATTATTTTAGAAATGAATCATAATGGCAAACATATCCAATTTAAGTTCCATGTATTTAATGTAAAAAAATTACAGCATTATAACATTGTTATTGTACACATTAAAGAAAAAATGTTTAAATTTGTTAAGCATATTCATATAGAATTAGATAAAGAAATCAATAATTTGAAATTTAATATACAACAATTTTAA,MIYILLFFKQIKIMIYNILIDLHVMFVIHIMLHHQHVDIDYYYHNGLNYHLDQHQFQNHKKINKHLINIQHYMNQNQNNLNHIGHQLNMKDHKEKEKDLMVIDIVIGNHIQIINVHVINNKNGNQDLDKFIILEMNHNGKHIQFKFHVFNVKKLQHYNIVIVHIKEKMFKFVKHIHIELDKEINNLKFNIQQF,,11325,11906,581
8,LOCUS_080,sequence1,12039..12329,CDS,hypothetical protein,,ATGTTAGATAACAAATTTTTTAAGATTTATGGTCAGCATATTTATGGTTATAATCAATGGAATAATTTTATTAACAAATTAGACAAACAAGAAATGGTAGAAGATAAATTATTTAAAGATAATCATGGTCAATTTGTAAAAGATAATATTAAATTATTTCAAAAGGTACACAAATTACAACAATTATTATTTAATCATCAGTTATTGCATATTTATATTTTTATATGTTTTTTTCAAGAGAAACATTTTTTATTCATCAATGGTAATTATTTTTATGTGATTCACCAATGA,MLDNKFFKIYGQHIYGYNQWNNFINKLDKQEMVEDKLFKDNHGQFVKDNIKLFQKVHKLQQLLFNHQLLHIYIFICFFQEKHFLFINGNYFYVIHQ,,12039,12329,290
9,LOCUS_090,sequence1,complement(13842..14060),CDS,hypothetical protein,,TTGCAACTGATTCTAATTAATGAATACCTGAATTATGATGATGTGTTTTATTTAATGGAAAATCTTGATGTCTTTGATGATGTAATTATAATGATTGTGTTAATTATTATGAAACTAATTGAAAAACCATATGTGCTTGATCAACTCTTAAAACAAATGATAATTGTCTTGATAAATGTTTATGTTGTAAAACTTAATGTCTTAATGGTGTTAATTTAA,MQLILINEYLNYDDVFYLMENLDVFDDVIIMIVLIIMKLIEKPYVLDQLLKQMIIVLINVYVVKLNVLMVLI,,14060,13842,218
10,LOCUS_100,sequence1,complement(14070..14219),CDS,hypothetical protein,,ATGATTAAAAATCAATTAAATAATGTGCTGTTAAAATTGAATGACAAACTAAATATTGTCTTAATAAAATTAATGACATTTGAACATATAAAATTTAATGAACAATTTGATGTAACATTAATAAATGAACTAATAATGAATTTTGTCTAA,MIKNQLNNVLLKLNDKLNIVLIKLMTFEHIKFNEQFDVTLINELIMNFV,,14219,14070,149
11,LOCUS_110,sequence1,complement(14337..14612),CDS,hypothetical protein,,ATGATAATGATGTTAATTCATATGAATTTAATAATAACATTAAAACTAAATGATGTCTATCATTATGACATCTCATTTCACATTGAATATTTAATAAAATTGTTTGATATAATGATCTATTTAAAAATTGTAAATTATATTATTGATACATTTGTAATGTTTCTAATAAATATAATGAAATTGTTAATGATTGATTTGGATATAATTTTGCTGGTGCAAATTATTGAAATAATTAATGAAATAAAACTTATTTTTGATATAAAAATGGTAAAATAA,MIMMLIHMNLIITLKLNDVYHYDISFHIEYLIKLFDIMIYLKIVNYIIDTFVMFLINIMKLLMIDLDIILLVQIIEIINEIKLIFDIKMVK,,14612,14337,275
12,LOCUS_120,sequence1,14939..15229,CDS,hypothetical protein,,ATGCCAGGTAATACAGTTAAATATTGTCAAATGTCATTATCAAGACCATCATCAAGAACAACATCATTAAAAATTGCATCAGATTCAAGAACAATTTCAAATTTATCATCAGTTATTTCACCATCAACAAGAATTCCAAAACCAGGTCCAGGTAATGGTTGTTTACATACAAAATGTTCAGGTATTCCAAATTCAATTCCAAATGCAAGAACATCATCATTAAATAATGTTTTAATTGGTTCAATTTCATCAAATTCAATTTCATCAGGTAAACCACCAACATTATGGTAA,MPGNTVKYCQMSLSRPSSRTTSLKIASDSRTISNLSSVISPSTRIPKPGPGNGCLHTKCSGIPNSIPNARTSSLNNVLIGSISSNSISSGKPPTLW,,14939,15229,290
13,LOCUS_130,sequence1,16589..16789,CDS,hypothetical protein,,ATGCCAAGATATACATTATATTGTTTACCATGGAATACATCAGTTGCACCAGGTTTATCATCAGTTCCAGCAAATAGATTACCAAATATTACAGCATGTCCACCAGCAGCAAATGCATTAATTATGTCACCAGAAAATTTAATTCCACCATCAGCAATTATTGCATTACCATGTTTAAGAGCATCAGTTGCACAATCATAA,MPRYTLYCLPWNTSVAPGLSSVPANRLPNITACPPAANALIMSPENLIPPSAIIALPCLRASVAQS,,16589,16789,200
14,LOCUS_140,sequence1,17057..17458,CDS,hypothetical protein,,ATGTCAGTTTCATTAGAAATTCCAATTGCAGCAGCAGCAAATAATAGACCATTAGCATCATTTGCAGCATATGGTAATTCATCAACATTTTCAATTTCATTAATTGTTATTAATCCATCAAAAAGACCATTTTCAACAAAAGGTTCATTTTCAATTTTATGTTCATGTAAAATTGCATCAGCATCATCAAGAGTTGTTCCAACAGGTGCAGTTATTAAATCATCATTTGTTATTACATCAGAAATTTTAATTGAAAAATCATCAATTAAAAGAAAATCAAGATTAGTTAAAATTCCAACAAATTCATTATCATCAAAATTATTTACAATTGGTACACCAGAAATTAGATATTTACCAATTAAAGCATCAGCATCATATACATTATCATCAGGTGTTAAATAA,MSVSLEIPIAAAANNRPLASFAAYGNSSTFSISLIVINPSKRPFSTKGSFSILCSCKIASASSRVVPTGAVIKSSFVITSEILIEKSSIKRKSRLVKIPTNSLSSKLFTIGTPEIRYLPIKASASYTLSSGVK,,17057,17458,401
15,LOCUS_150,sequence1,18755..19039,CDS,hypothetical protein,,ATGATTATTACAAAAATTCCAGATAAAAATAATGAACCATATAATACACCATCACCATTTGTTTGTCCAATTAAAATTATGGGTGCAACAGCAGTTAATGTTCATCCAAATACAATTGGTAATCCAGTTCCAGTTACATTATTTACATGTAAAAATGTTGCAACACCACATATTAAAATTTCAACAGTTACAAAATATGCAATTTCATCAGGTGTTAATTTTAAATTAGTTCCAACAATTATTGGTACAAAAATTGCACCAGCATATATTGCAAATAAATGTTAA,MIITKIPDKNNEPYNTPSPFVCPIKIMGATAVNVHPNTIGNPVPVTLFTCKNVATPHIKISTVTKYAISSGVNFKLVPTIIGTKIAPAYIANKC,,18755,19039,284
16,LOCUS_160,sequence1,complement(19125..19640),CDS,xanthine phosphoribosyltransferase,xpt,GTGGTGTTGTTAAAACATATAATAATAATAAATGATGTAATTATCTATGAAATGAAACTTATGGTAAATGATTTTTTAAATCATCAAATTGATGTAATGTTAATGAATGTAATAATGCAAACATTCTTTGAACAATTTATGAATGTAAAAATTATAAAAAAATTAATTATTGTAACATTAAATATTGTGCTAATAATAATGGTAACATACCATTTTGATGAACTTTTGAAATTTGTTAAAATAATTAAACTAAATATTTTAATGGATGAATTTTATCAAATAAATATTCATTTTTTTATTATGAATAAAATAAACATGGTTATTGTTTTTGTAAAATACCTTGTGGAAATCTATATTGTTTTAATTATTGATGATTTCTTAATAAATGATGATGTTTTTCTTGAATTAATCTATATTGTTAAACTAATTATCTTTAAAATAATAAATGTTGATATCTTAATTGTGAAAAATTACCAAAATGAACAACAAAAACTTGAAATAATAAATCTAATCTAA,MVLLKHIIIINDVIIYEMKLMVNDFLNHQIDVMLMNVIMQTFFEQFMNVKIIKKLIIVTLNIVLIIMVTYHFDELLKFVKIIKLNILMDEFYQINIHFFIMNKINMVIVFVKYLVEIYIVLIIDDFLINDDVFLELIYIVKLIIFKIINVDILIVKNYQNEQQKLEIINLI,,19640,19125,515