number,locus,sequence,location,feature,product,gene,nucleotide,translation,note,status,Start,End,Length
1,LOCUS_10,sequence1,625..1584,CDS,fructokinase,,ATGAGACGTCTATTTTCAATAGGAGAAGCGTTAATTGATTTTATTCCAAATGTTACAAATGCGAATTTAAAAGATGTTCAAACATTTACGAAGCAAATTGGTGGCGCGCCATGCAATGTAGCTTGTACAGTTCAAAAGTTAGGACAACAAGCGTATATGATTACACAATTAGGTAATGATGCATTTGGAGATAGCATTATTGAAACGATATCAAGTATTGGTGTAGATGTATCAAAAGTGTATCGCACGAATGAAGCAAACACTGCGTTAGCTTTTGTGAGTTTGACTGAAGCGGGCGAGCGAGATTTTTCTTTTTATCGTAAGCCCTCTGCTGATATGTTATTTGAACCAAGTTTTGTGAATGATATTGATGTGAATGAAAATGATGTAGTACATTTTTGTTCTGTTGATTTGGTCGATAGTCCGATGAGAGATGCACATTATCAATTGATTACCAAAACATTAAATGCAAATGGTACTGTCGTATTTGATCCTAATGTAAGATTGCCATTATGGGATAACGCTGAAGATTTAAGACAAACTATTCATACCTTTTTGCCATTGGCGCATATTGTAAAAGTTTCAGATGAAGAATTAGAATTTATTACAGGTATTCATGATGAAAATGAAGCCATTCAATCATTATTTACAGGTAATGTTACTGTAGTCATTTATACGAAGGGAGCAGATGGTGCTGCCGTATATTTGAAAAATGGTATTAATCATTATCATAGTGGCTATAAGGTAAAACCTGTTGATACAACTGGGGCAGGGGATGCTTTTATTGGTGCAGTTATTAGCAGGATTTTAGCAACCGATGTGTTAAATTTAACTCAGTTATTTGAAAATGAAGGTGAGGAAATTTTAGCGTTTAGCAATCGCGTTGCTGCAATAGTGACAACGAAGTATGGTGCCATTAATAGTTTGCCAACATTACAAGAGGTTGAACAAGCATTTTAA,MRRLFSIGEALIDFIPNVTNANLKDVQTFTKQIGGAPCNVACTVQKLGQQAYMITQLGNDAFGDSIIETISSIGVDVSKVYRTNEANTALAFVSLTEAGERDFSFYRKPSADMLFEPSFVNDIDVNENDVVHFCSVDLVDSPMRDAHYQLITKTLNANGTVVFDPNVRLPLWDNAEDLRQTIHTFLPLAHIVKVSDEELEFITGIHDENEAIQSLFTGNVTVVIYTKGADGAAVYLKNGINHYHSGYKVKPVDTTGAGDAFIGAVISRILATDVLNLTQLFENEGEEILAFSNRVAAIVTTKYGAINSLPTLQEVEQAF,,,625,1584,320
2,LOCUS_20,sequence1,complement(1953..2669),CDS,accessory gene regulator protein A,agrA,ATGAAAATTTTCATTTGCGAAGACGATCCAAAACAAAGAGAAAACATGGTTACCATTATTAAAAATTATATAATGATAGAAGAAAAGCCTATGGAAATTGCCCTCGCAACTGATAATCCTTATGAGGTGCTTGAGCAAGCTAAAAATATGAATGACATAGGCTGTTACTTTTTAGATATTCAACTTTCAACTGATATTAATGGTATCAAATTAGGCAGTGAAATTCGTAAGCATGACCCAGTTGGTAACATTATTTTCGTTACGAGTCACAGTGAACTTACCTATTTAACATTTGTCTACAAAGTTGCAGCGATGGATTTTATTTTTAAAGATGATCCAGCAGAATTAAGAACTCGAATTATAGATTGTTTAGAAACTGCACATACACGCTTACAATTGTTGTCTAAAGATAATAGCGTTGAAACGATTGAATTAAAACGTGGCAGTAATTCAGTGTATGTTCAATATGATGATATTATGTTTTTTGAATCATCAACAAAATCTCACAGACTCATTGCCCATTTAGATAACCGTCAAATTGAATTTTATGGTAATTTAAAAGAACTGAGTCAATTAGATGATCGTTTCTTTAGATGTCATAATAGCTTTGTCGTCAATCGCCATAATATTGAATCTATAGATTCGAAAGAGCGAATTGTCTATTTTAAAAATAAAGAACACTGCTATGCATCGGTGAGAAACGTTAAAAAAATATAA,MKIFICEDDPKQRENMVTIIKNYIMIEEKPMEIALATDNPYEVLEQAKNMNDIGCYFLDIQLSTDINGIKLGSEIRKHDPVGNIIFVTSHSELTYLTFVYKVAAMDFIFKDDPAELRTRIIDCLETAHTRLQLLSKDNSVETIELKRGSNSVYVQYDDIMFFESSTKSHRLIAHLDNRQIEFYGNLKELSQLDDRFFRCHNSFVVNRHNIESIDSKERIVYFKNKEHCYASVRNVKKI,,,2669,1953,239
3,LOCUS_30,sequence1,complement(2688..3971),CDS,histidine kinase,,ATGGAAACAATAAACAACTTAGCTATGGCCACTTTTCAATTAGTAATACTTTTTACAGTAGCCAAATTCATTTCCTTTGTTAAATTTAATTTAAGGGATTATTTTATTATAGTTGGAATTATAATTCCAACCATGTTTTTGTATTACTTCTATGGAAGTAGAGCCGTATTGATTCCAACTTTTTCATCTATCATATTTTTATTCTTTAAATTAAAGTACTATGCAATAGTAACAATTTTAGTGACCATGATCATAATGTATTTGAGTAATTTTGCAACAGTAGGTTTGTTTTTAACTTTAAGAAAATACACTACTGATCCTGCAATACTCTTACCATTATATATACTTTCTTTTTCATCAGTTTCATTATTAGCGACATATTTGGTAAGAATATCTCTAAAGAAATTTAAAAAATCATACTTATCTTTAAATAAAACTTATATGATTATAATTTCATTCGTATTATTTGCAACATTTGCATTTTTTTATATTTATTCTACAAATACAAGTTCAAACGGTGATAGCTTAATTCCATATGCACTTGTATTTATAGGATTAATAATTTTTATCTCTGTTGTAATACTTATAATGTCGCTTTTCACCCTTAAAGAGATGAAATACAAACGAAATCAAGAAGAAATTGAGACCTATTACGAATACACATTAAAGATTGAAGCAATTAATAATGAAATGCGCAAGTTCCGTCATGATTATGTCAATATCTTAACGACACTTTCAGAATACATTCGCGAAGATGACATGATTGGTCTACGCGCTTATTTCAATAAAAATATTGTACCTATGAAAGATAATTTGCAGATGAATGCTATTAAATTAAATGGTATCGAGAATCTTAAAGTACGTGAGATAAAAGGCTTAATTACTGCGAAAATTTTACGTGCACAAGAAATGAATATTCCAATTAGTATCGAAATACCCGATGAAGTAAGTAGCATTAACTTGAATATGATCGATTTAAGTCGCAGTATTGGTATTATTCTTGATAATGCAATTGAGGCATCAACTGAAATTGATGACCCTATCATTCGCGTTGCATTTATTGAAAGTGAAAATTCAGTAACGTTTATTGTTATGAATAAATGCGCTGATGATATACCACGCATTCATGAATTGTTCCAAGAAAGTTTTTCTACTAAAGGTGAAGGTCGTGGTTTAGGTCTATCAACTTTAAAAGAAATTGCTGATAATGCAGACAATGTCTTATTAGATACAATTATCGAAAATGGTTTCTTTATTCAAAAAGTTGAAATTATTAACAACTAG,METINNLAMATFQLVILFTVAKFISFVKFNLRDYFIIVGIIIPTMFLYYFYGSRAVLIPTFSSIIFLFFKLKYYAIVTILVTMIIMYLSNFATVGLFLTLRKYTTDPAILLPLYILSFSSVSLLATYLVRISLKKFKKSYLSLNKTYMIIISFVLFATFAFFYIYSTNTSSNGDSLIPYALVFIGLIIFISVVILIMSLFTLKEMKYKRNQEEIETYYEYTLKIEAINNEMRKFRHDYVNILTTLSEYIREDDMIGLRAYFNKNIVPMKDNLQMNAIKLNGIENLKVREIKGLITAKILRAQEMNIPISIEIPDEVSSINLNMIDLSRSIGIILDNAIEASTEIDDPIIRVAFIESENSVTFIVMNKCADDIPRIHELFQESFSTKGEGRGLGLSTLKEIADNADNVLLDTIIENGFFIQKVEIINN,,,3971,2688,428
4,LOCUS_40,sequence1,complement(4001..4144),CDS,hypothetical protein,,ATGAATACACTTGTTAATATGTTTTTTGATTTTATAATTAAATTAGCTAAAGCAATCGGAATTGTCGGTGGCGTAAACGCTTGCAGCAGTTTATTTGATGAACCTAAAGTACCCGCTGAATTAACGAATTTATACGACAAATAG,MNTLVNMFFDFIIKLAKAIGIVGGVNACSSLFDEPKVPAELTNLYDK,,,4144,4001,48
5,LOCUS_50,sequence1,complement(4147..4764),CDS,accessory gene regulator protein B,agrB,ATGATAAAAGATTGTACTAAATCGTATAATAACAGTGAGGAGAGTGGTGTAAAATTGAATTATTTTGATAACAAAATTGACCAGTTTGCCACGTATCTTCAAAAGAGAAATAACTTAGATCATATTCAATTTTTGCAAGTACGTTTAGGGATGCAAATTATAGTTGGTAATTTTTTTAAAATACTTGTAACATATAGTATTTCTATATTCTTAAGTGTATTTTTGTTTACCTTAGTTACACACTTATCCTATATGTTAATACGCTATAATGCACATGGTGCTCATGCAAAGTCTTCGATACTTTGTTACATACAAAGTATTTTAACATTTGTATTTGTACCTTATTTTCTAATTAATATAGACATTAATTTTACTTATTTACTGGCCTTATCTATTATAGGATTGATTTCCGTTGTTATTTATGCACCTGCAGCAACGAAAAAGCAACCTATACCAATAAAATTAGTAAAACGTAAAAAGTATTTATCTATAATTATGTATTTATTAGTTTTGATTCTATCCTTAATAATACATCCTTTTTATGCTCAATTTATGTTATTAGGAATTTTAGTGGAATCTATTACATTATTACCTATTTTTTTCCCTAAGGAGGATTAA,MIKDCTKSYNNSEESGVKLNYFDNKIDQFATYLQKRNNLDHIQFLQVRLGMQIIVGNFFKILVTYSISIFLSVFLFTLVTHLSYMLIRYNAHGAHAKSSILCYIQSILTFVFVPYFLINIDINFTYLLALSIIGLISVVIYAPAATKKQPIPIKLVKRKKYLSIIMYLLVLILSLIIHPFYAQFMLLGILVESITLLPIFFPKED,,,4764,4147,206
6,.,.,.,.,.,.,.,.,.,.,5000,5080,27
7,LOCUS_60,sequence1,complement(5680..6465),CDS,hydrolase in agr operon,,ATGAAAGTCCAAATTTATCAATTACCGATTATTTTTGGAGATAGTTCTAAAAATGAAACTCAAATAACGCAATGGTTCGAAAAAAATATGAATGCTGAAGTAGATGTAGTCGTTTTACCTGAAATGTGGAATAATGGCTATGATTTAGAGCATTTAAATGAAAAAGCAGATAATAATCTAGGACAAAGTTTTTCATTTATTAAACATTTAGCTGAAAAATATAAAGTCGATATCGTAGCTGGGTCAGTTTCTAACATTAGAAACTATCAAATATTTAATACAGCTTTTAGTGTGAATAAAAGTGGCCAGCTGATTAATGAATACGACAAAGTTCATTTAGTTCCTATGTTAAGAGAGCATGAATTTTTAACCGCTGGCGAAAACGTAGCTGAACCCTTTCAATTGTCTGACGGTACTTATGTGACCCAACTTATCTGTTATGATTTACGTTTTCCAGAATTATTAAGATATCCTGCTCGTAGTGGTGCTAAAATTGCATTTTATGTGGCGCAATGGCCTATGTCACGTCTTCAACATTGGCATTCATTACTAAAGGCACGTGCAATTGAAAATAATATGTTTGTCATTGGAACTAATAGCACTGGATTCGATGGTAACACAGAATATGCTGGTCATTCGATAGTTATAAACCCAAATGGAGATTTAGTTGGAGAATTAAATGAATCCGCAGATATTTTGACTGTAGATTTAAACTTAAATGAAGTAGAACAGCAACGCGAAAATATACCTGTATTTAAAAGTATTAAATTAGATTTGTATAAATAA,MKVQIYQLPIIFGDSSKNETQITQWFEKNMNAEVDVVVLPEMWNNGYDLEHLNEKADNNLGQSFSFIKHLAEKYKVDIVAGSVSNIRNYQIFNTAFSVNKSGQLINEYDKVHLVPMLREHEFLTAGENVAEPFQLSDGTYVTQLICYDLRFPELLRYPARSGAKIAFYVAQWPMSRLQHWHSLLKARAIENNMFVIGTNSTGFDGNTEYAGHSIVINPNGDLVGELNESADILTVDLNLNEVEQQRENIPVFKSIKLDLYK,,,6465,5680,262
8,LOCUS_70,sequence1,complement(6826..7452),CDS,nitroreductase,,ATGGGCTTATTTAAAAAAGATAAAAAAGCAATGACTTTTGACAATGCAATGGAAGAAAGACGTTCAATATATAATTTGAAAGATTCGATATCAATTAGCGATGACGAATTAGAATCAATGATTGCACATGCAGTTAAACATGTTCCTTCATCATTTAATTCTCAATCAACTAGAATTGTTCTCTTGTTAAATGACAACAATAATAAATTTTGGGATAACACAAAAGCAATTTTAAAAGAAGTCATGGGAGAGAATCGTGATTTCGAGCCAACTGAACAAAAAATTGATAACTTCAAACATTCATACGGTACAATTTTGTTTTATGAAGATCAAGATGTTGTAAGTGGTTTACAAGAACAAATGCCAAACTACTATGATAATTTTGCAATATGGTCAACTCAAACAAATGCCATGCATCAATTTGCAATTTGGACTGCATTAGCTACTAAAGGCATAGGTGCTTCATTACAACACTATAATCCACTTGTCGATGAGATGACTTCAAAAGAATTTAATATTCCTAAAAGTTGGAAACTTATTGCTCAAATGCCATTTGGTGATATTCGTGAAGCTGCTGGCGAAAAAACATTTAATCCAGTGGAAGATCGTTTCGTAATAAAAAAATAA,MGLFKKDKKAMTFDNAMEERRSIYNLKDSISISDDELESMIAHAVKHVPSSFNSQSTRIVLLLNDNNNKFWDNTKAILKEVMGENRDFEPTEQKIDNFKHSYGTILFYEDQDVVSGLQEQMPNYYDNFAIWSTQTNAMHQFAIWTALATKGIGASLQHYNPLVDEMTSKEFNIPKSWKLIAQMPFGDIREAAGEKTFNPVEDRFVIKK,,,7452,6826,209
9,LOCUS_80,sequence1,7649..8908,CDS,hypothetical protein,,ATGTCATATCATTGGTTTAAGAAAATGTTACTTTCAACAAGTATTTTAATTTTAAGTAGTAGTAGTTTAGGGCTTGCAACGCACACAGTTGAAGCAAAGGATAACTTAAATGGAGAAAAACCAACTACTAATTTGAATCATAATATAACTTCACCATCAGTAAATAGTGAAATGAATAATAATGAGACTGGGACACCTCACGAATCAAATCAAACGGGTAATGAAGGAACAGGTTCGAATAGTCGTGATGCTAATCCTGATTCGAATAATGTGAAGCCAGACTCAAACAACCAAAACCCAAGTACAGATTCAAAACCAGACCCAAATAACCAAAACCCAAGTCCGAATCCAAAACCAGATCCAGATAACCCGAAACCAAAACCGGATCCAAAACCAGACCCAGATAAACCAAAGCCAAATCTGGATCCAAAACCAGATCCAGATAACCCGAAACCAAAACCAGATCCAAAACCAGACCCAGATAAACCAAAGCCAAATCCGGATCCAAAACCAGATCCAGATAAACCAAAGCCAAATCCGAATCCAAAACCAGACCCTAATAAGCCAAATCCTAACCCGTCACCAGATCCCGATCAACCTGGGGATTCAAATCATTCTGGTGGCTCGAAAAATGGGGGAACATGGAACCCAAATGCTTCAGATGGATCTAATCAAGGTCAATGGCAACCAAATGGGAATCAAGGAAACTCACAAAATCCTACTGGTAATGATTTTGTATCCCAACGATTTTTAGCCTTGGCAAATGGGGCTTACAAGTATAATCCGTATATTTTAAATCAAATTAATAAGTTGGGCAAAGATTATGGAGAAGTTACTGATGAAGACATTTATAATATTATTCGAAAACAAAATTTCAGCGGAAATGCATATTTAAATGGATTACAACAGCAATCGAATTACTTTAGATTCCAATATTTCAATCCATTGAAATCAGAAAGGTACTATCGTAATTTAGATGAACAAGTACTCGCATTAATTACTGGTGAAATTGGATCAATGCCAGATTTGAAAAAGCCCGAAGATAAGCCGGATTCAAAACAACGCTCATTTGAACCGCATGAAAAAGACGATTTTACAGTAGTTAAAAAACAAGAAGATAATAAGAAAAGTGCGTCAACTGCATATAGTAAAAGTTGGCTAGCAATTGTATGTTCTATGATGGTGGTATTTTCAATCATGCTATTCTTATTTGTAAAGCGAAATAAAAAGAAAAATAAAAACGAATCACAGCGACGATAA,MSYHWFKKMLLSTSILILSSSSLGLATHTVEAKDNLNGEKPTTNLNHNITSPSVNSEMNNNETGTPHESNQTGNEGTGSNSRDANPDSNNVKPDSNNQNPSTDSKPDPNNQNPSPNPKPDPDNPKPKPDPKPDPDKPKPNLDPKPDPDNPKPKPDPKPDPDKPKPNPDPKPDPDKPKPNPNPKPDPNKPNPNPSPDPDQPGDSNHSGGSKNGGTWNPNASDGSNQGQWQPNGNQGNSQNPTGNDFVSQRFLALANGAYKYNPYILNQINKLGKDYGEVTDEDIYNIIRKQNFSGNAYLNGLQQQSNYFRFQYFNPLKSERYYRNLDEQVLALITGEIGSMPDLKKPEDKPDSKQRSFEPHEKDDFTVVKKQEDNKKSASTAYSKSWLAIVCSMMVVFSIMLFLFVKRNKKKNKNESQRR,,,7649,8908,420
10,LOCUS_90,sequence1,complement(8933..9676),CDS,CAAX amino protease,,ATGACAAGATTATGGGCATCATTGCTAACTGTTATTATTTATATATTGTCTCAATTTTTACCGCTTCTCATTGTAAAAAAATTACCATTTGTACAATATAGTGGCATAGAACTGACTAAAGCAGTCATTTACATACAACTTGTTCTATTTTTAATCGCCGCCACGACGATTATTTTAATTAATTTAAAAATTAAAAATCCAACAAAATTAGAATTAGAAGTTAAAGAACCTAAAAAATATATCATTCCATGGGCATTGCTTGGATTTGCATTGGTAATGATTTATCAAATGGTAGTGAGCATTGTATTAACGCAAATTTATGGTGGACAACAAGTAAGTCCTAATACAGAAAAGCTAATTATTATTGCTCGAAAAATACCTATATTTATCTTCTTTGTATCTATTATCGGTCCTTTATTAGAAGAATACGTATTCAGAAAAGTAATCTTTGGAGAATTATTTAATGCGATTAAAGGTAATCGTATCGTAGCATTTATTATTGCTACAACAGTAAGTTCATTAATATTTGCATTAGCACATAATGATTTCAAATTTATTCCAGTTTATTTTGGTATGGGCGTCATTTTTTCATTAGCATATGTATGGACAAAACGGCTTGCTGTTCCAATTATTATCCATATGTTACAAAACGGATTTGTCGTTATATTCCAATTACTTAATCCTGAAGCTTTGAAAAAAGCCACGGAACAAGCGAATTTTATATATCACATTTTTATTCCATAA,MTRLWASLLTVIIYILSQFLPLLIVKKLPFVQYSGIELTKAVIYIQLVLFLIAATTIILINLKIKNPTKLELEVKEPKKYIIPWALLGFALVMIYQMVVSIVLTQIYGGQQVSPNTEKLIIIARKIPIFIFFVSIIGPLLEEYVFRKVIFGELFNAIKGNRIVAFIIATTVSSLIFALAHNDFKFIPVYFGMGVIFSLAYVWTKRLAVPIIIHMLQNGFVVIFQLLNPEALKKATEQANFIYHIFIP,,,9676,8933,248
